{
	"pages": [ //pages数组中第一项表示应用启动页，参考：https://uniapp.dcloud.io/collocation/pages
		{
			"path": "pages/about/about",
			"style": {
				"navigationBarTitleText": "uni-app"
			}
		}
	    ,{
            "path" : "pages/setting/setting",
            "style" :                                                                                    
            {
                "navigationBarTitleText": "系统配置",
                "enablePullDownRefresh": false
            }
            
        }
        ,{
            "path" : "pages/binding/binding",
            "style" :                                                                                    
            {
                "navigationBarTitleText": "绑定用户",
                "enablePullDownRefresh": false
            }
            
        }
    ],
	"globalStyle": {
		"navigationBarTextStyle": "black",
		"navigationStyle": "custom",
		"app-plus": {
			"titleNView": false
		}
	}
	
}
